﻿Designator,Footprint,Quantity,Value,LCSC Part #
"C1, C11, C13, C15, C17, C18, C2, C20, C25, C26, C27, C29, C3, C31, C4, C5, C6, C7, C8, C9",0201,20,0.22uF,
"C10, C12, C16, C19, C24, C37, C39, C41, C43, C58",0201,10,4.7uF,
"C14, C34, C50",0201,3,1uF,
"C21, C22",0201,2,8pF,
C23,0201,1,18pF,
C28,0603,1,22uF,
C30,0805,1,33uF,
"C32, C51",0402,2,10uF,
"C33, C49",0201,2,0.1uF,
"C35, C36, C38, C40, C42, C44, C52, C59, C60, C61, C62",0201,11,100nF,
"C45, C47",0201,2,0.47uF,
"C46, C48",0201,2,0.01uF,
"C53, C54",0201,2,1uF,C52923
"C55, C56",0201,2,100n,
C57,0201,1,4.7n,
FL1,DLW32MH101XK2L,1,DLW32MH201XK2L,
IC1,BGA54C80P9X9_800X800X120,1,IS42S16160J-6BLI,
IC2,BGA24C100P5X5_600X800X100,1,S26KL512SDABHV020,
"J1, J2, J9",PinHeader_1x04_P2.00mm_Vertical,3,Conn_01x04_Pin,
J10,PinHeader_1x06_P2.00mm_Vertical,1,Conn_01x06_Pin,
"J13, J14",PinHeader_2x04_P2.00mm_Vertical,2,Conn_02x04_Counter_Clockwise,
J3,Molex_200528-0200_1x20-1MP_P1.00mm_Horizontal,1,Conn_01x20,
J4,PinHeader_1x04_P2.00mm_Vertical,1,Conn_01x05_Pin,
J5,USB_C_Receptacle_HRO_TYPE-C-31-M-12,1,USB_C_Receptacle_USB2.0,
J6,JST_SH_BM02B-SRSS-TB_1x02-1MP_P1.00mm_Vertical,1,Conn_01x02,
J7,JST_PH_B2B-PH-K_1x02_P2.00mm_Vertical,1,Conn_01x02,
J8,SMA_Amphenol_132134_Vertical,1,Conn_Coaxial_Small,
L1,0402,1,4.7uH,
L2,1206,1,60R@100MHz,C33600
R1,0402,1,30k,
"R10, R13, R14, R15, R9",0402,5,1k,
R11,0402,1,100k,
"R12, R16, R17, R18, R2, R3, R4, R5",0402,8,10k,
R6,0402,1,120,
"R7, R8",0402,2,5.1k,
SW1,SW_DIP_SPSTx02_Slide_6.7x6.64mm_W6.73mm_P2.54mm_LowProfile_JPin,1,SW_DIP_x02,
U1,MAPBGA196_12X12,1,MIMXRT1052CVJ5B,
"U10, U11",YZP6,2,TPS22921YZPR,
U12,SO8_CY15_CYP,1,CY15B064J-SXET,
U2,VQFN28_RHF_TEX,1,DP83TC813SRHFRQ1,
U3,MMC5983MA_MEM,1,MMC5983MA,
U4,QFN_BMI085_BOS,1,BMI088,
U5,HOPERF_RFM95W_SMD,1,RFM98W-433S2,
U6,DCN0008A_M,1,TCAN334,
U7,SOT-143,1,PRTR5V0U2X,C2827688
U8,SOT-23,1,XC6206P332PR-G,C5446
U9,QFN16_3x3MC_MCH,1,MCP23009-E/MG,
Y1,CDFN4_5X3P2_MCH,1,DSC1001BI5-024.0000,
Y2,WE-XTAL_IQXC-146,1,830107834801,
